Company Name,Website,Domain,Phone,City,Country,Email,Type,Rating,Google Maps
Zanzibar Nigeria Limited,https://zanzibarng.wixsite.com/zanzibarng,zanzibarng.wixsite.com/zanzibarng,+234 805 188 5566,Lagos,Nigeria,,HoReCa,4.9,https://maps.google.com/?cid=5291380869057987918&g_mp=Cidnb29nbGUubWFwcy5wbGFjZXMudjEuUGxhY2VzLlNlYXJjaFRleHQQAhgEIAA
Ekulo Wine World,http://www.ekulowineworld.com/,www.ekulowineworld.com,+234 809 991 3285,Lagos,Nigeria,info@ekulowineworld.com,Wine/Liquor Store,4.5,https://maps.google.com/?cid=17414577817433664462&g_mp=Cidnb29nbGUubWFwcy5wbGFjZXMudjEuUGxhY2VzLlNlYXJjaFRleHQQAhgEIAA
Cellar Central Limited,https://www.cellarcentral.ng/,www.cellarcentral.ng,+234 807 806 1111,Lagos,Nigeria,info@cellarcentral.ng,Enoteca/Wine Shop,4.9,https://maps.google.com/?cid=16284768072022744186&g_mp=Cidnb29nbGUubWFwcy5wbGFjZXMudjEuUGxhY2VzLlNlYXJjaFRleHQQAhgEIAA
Naija Liquor,https://naijaliquor.com/,naijaliquor.com,+234 911 915 6944,Lagos,Nigeria,jaachiwrites@gmail.com,Beverage/Liquor,5.0,https://maps.google.com/?cid=17942127222721661241&g_mp=Cidnb29nbGUubWFwcy5wbGFjZXMudjEuUGxhY2VzLlNlYXJjaFRleHQQAhgEIAA
Prestige Brands Nigeria Limited,,,+234 803 621 8499,Lagos,Nigeria,,Wine/Liquor Store,5.0,https://maps.google.com/?cid=6705483675821665396&g_mp=Cidnb29nbGUubWFwcy5wbGFjZXMudjEuUGxhY2VzLlNlYXJjaFRleHQQAhgEIAA
"BARRELS.NG - No. 1 Wine and Spirits Store in Lagos, Nigeria",http://barrels.ng/,barrels.ng,+234 916 833 7434,Lagos,Nigeria,hi@barrels.ng,Beverage/Liquor,4.6,https://maps.google.com/?cid=9104588914444595017&g_mp=Cidnb29nbGUubWFwcy5wbGFjZXMudjEuUGxhY2VzLlNlYXJjaFRleHQQAhgEIAA
Wine House Nigeria,http://www.winehousenigeria.com/,www.winehousenigeria.com,+234 813 526 2270,Lagos,Nigeria,,Enoteca/Wine Shop,4.4,https://maps.google.com/?cid=9901468397150142213&g_mp=Cidnb29nbGUubWFwcy5wbGFjZXMudjEuUGxhY2VzLlNlYXJjaFRleHQQAhgEIAA
A G & N Merchandise.,,,+234 816 221 7219,Lagos,Nigeria,,HoReCa,4.6,https://maps.google.com/?cid=1049525437544898813&g_mp=Cidnb29nbGUubWFwcy5wbGFjZXMudjEuUGxhY2VzLlNlYXJjaFRleHQQAhgEIAA
Penafort Winery,https://penafortwinery.com/,penafortwinery.com,+234 708 140 0924,Lagos,Nigeria,information@penafortwinery.com,HoReCa,4.6,https://maps.google.com/?cid=12873412851985796505&g_mp=Cidnb29nbGUubWFwcy5wbGFjZXMudjEuUGxhY2VzLlNlYXJjaFRleHQQAhgEIAA
Wines and things LTD,http://winesandthings.com/,winesandthings.com,+234 707 142 1879,Lagos,Nigeria,info@winesandthings.com,HoReCa,5.0,https://maps.google.com/?cid=1451129981964051191&g_mp=Cidnb29nbGUubWFwcy5wbGFjZXMudjEuUGxhY2VzLlNlYXJjaFRleHQQAhgEIAA
Global Wine Venture Limited,https://globalwine.ng/,globalwine.ng,+234 803 305 5658,Lagos,Nigeria,info@globalwine.ng,Importatore (probabile),0,https://maps.google.com/?cid=12139315883206796124&g_mp=Cidnb29nbGUubWFwcy5wbGFjZXMudjEuUGxhY2VzLlNlYXJjaFRleHQQAhgEIAA
BA Nigeria Distribution Limited,http://www.badistribution.com/,www.badistribution.com,+234 907 036 2659,Lagos,Nigeria,,Distributore/Grossista,4.4,https://maps.google.com/?cid=11296375537050149337&g_mp=Cidnb29nbGUubWFwcy5wbGFjZXMudjEuUGxhY2VzLlNlYXJjaFRleHQQAhgEIAA
GoldenEve Wines & Beverages,https://goldenevewines.com.ng/,goldenevewines.com.ng,+234 704 838 4915,Lagos,Nigeria,,Beverage/Liquor,5.0,https://maps.google.com/?cid=10446165086945274767&g_mp=Cidnb29nbGUubWFwcy5wbGFjZXMudjEuUGxhY2VzLlNlYXJjaFRleHQQAhgEIAA
Ola Wine Shop,,,+234 805 260 8290,Lagos,Nigeria,,Enoteca/Wine Shop,4.7,https://maps.google.com/?cid=16949007635788981526&g_mp=Cidnb29nbGUubWFwcy5wbGFjZXMudjEuUGxhY2VzLlNlYXJjaFRleHQQAhgEIAA
X.O Wine Stores Limited,,,+234 14630920,Lagos,Nigeria,,Enoteca/Wine Shop,4.7,https://maps.google.com/?cid=10897127501920637808&g_mp=Cidnb29nbGUubWFwcy5wbGFjZXMudjEuUGxhY2VzLlNlYXJjaFRleHQQAhgEIAA
GEEXSMITHWINE & LIQUOR CASTLE,,,+234 812 523 6763,Lagos,Nigeria,,Beverage/Liquor,5.0,https://maps.google.com/?cid=1131953595795655115&g_mp=Cidnb29nbGUubWFwcy5wbGFjZXMudjEuUGxhY2VzLlNlYXJjaFRleHQQAhgEIAA
Ice and Liquor Limited,https://iceandliquor.com/,iceandliquor.com,+234 912 515 2083,Lagos,Nigeria,hello@iceandliquor.com,Beverage/Liquor,5.0,https://maps.google.com/?cid=15609257869212114165&g_mp=Cidnb29nbGUubWFwcy5wbGFjZXMudjEuUGxhY2VzLlNlYXJjaFRleHQQAhgEIAA
Drinks Revolution Limited,https://www.drinksrevolution.com/,www.drinksrevolution.com,+234 905 402 3544,Lagos,Nigeria,,Beverage/Liquor,5.0,https://maps.google.com/?cid=10529352222031987098&g_mp=Cidnb29nbGUubWFwcy5wbGFjZXMudjEuUGxhY2VzLlNlYXJjaFRleHQQAhgEIAA
Drinks.ng,https://www.drinks.ng/,www.drinks.ng,+234 700 882 9996,Lagos,Nigeria,,Beverage/Liquor,4.0,https://maps.google.com/?cid=1684087469572142503&g_mp=Cidnb29nbGUubWFwcy5wbGFjZXMudjEuUGxhY2VzLlNlYXJjaFRleHQQAhgEIAA
Nigeria Distilleries Limited HQ,https://ndl-ng.com/,ndl-ng.com,+234 816 485 7155,Lagos,Nigeria,info@ndl-ng.com,Distributore (probabile),4.3,https://maps.google.com/?cid=15981506791127647927&g_mp=Cidnb29nbGUubWFwcy5wbGFjZXMudjEuUGxhY2VzLlNlYXJjaFRleHQQAhgEIAA
Wine planet,,,+234 802 837 1845,Lagos,Nigeria,,Wine/Liquor Store,5.0,https://maps.google.com/?cid=4811613110930701961&g_mp=Cidnb29nbGUubWFwcy5wbGFjZXMudjEuUGxhY2VzLlNlYXJjaFRleHQQAhgEIAA
D' Wine Bank,,,+234 806 837 9434,Lagos,Nigeria,,Wine/Liquor Store,4.5,https://maps.google.com/?cid=4491794621600722505&g_mp=Cidnb29nbGUubWFwcy5wbGFjZXMudjEuUGxhY2VzLlNlYXJjaFRleHQQAhgEIAA
Vickie Drinks Global Enterprises,http://www.vickiedrinks.com/,www.vickiedrinks.com,+234 704 871 4357,Lagos,Nigeria,,Beverage/Liquor,5.0,https://maps.google.com/?cid=17040097155249654067&g_mp=Cidnb29nbGUubWFwcy5wbGFjZXMudjEuUGxhY2VzLlNlYXJjaFRleHQQAhgEIAA
Baba Drink Store,,,+234 803 652 1486,Lagos,Nigeria,,Retail/GDO,5.0,https://maps.google.com/?cid=13068670784940364564&g_mp=Cidnb29nbGUubWFwcy5wbGFjZXMudjEuUGxhY2VzLlNlYXJjaFRleHQQAhgEIAA
Bigi Soft Drinks,,,+234 905 380 4042,Lagos,Nigeria,,Beverage/Liquor,4.4,https://maps.google.com/?cid=434577820232940025&g_mp=Cidnb29nbGUubWFwcy5wbGFjZXMudjEuUGxhY2VzLlNlYXJjaFRleHQQAhgEIAA
Imperial Beverages Limited,http://imperial-beverages.com/,imperial-beverages.com,+234 811 100 0125,Lagos,Nigeria,info@imperial-beverages.com,Beverage/Liquor,5.0,https://maps.google.com/?cid=289493531428690854&g_mp=Cidnb29nbGUubWFwcy5wbGFjZXMudjEuUGxhY2VzLlNlYXJjaFRleHQQAhgEIAA
Nikky Ventures,,,+234 803 304 4115,Lagos,Nigeria,,Importatore (probabile),5.0,https://maps.google.com/?cid=8104911272478415741&g_mp=Cidnb29nbGUubWFwcy5wbGFjZXMudjEuUGxhY2VzLlNlYXJjaFRleHQQAhgEIAA
MyShayo,,,+234 908 718 8232,Lagos,Nigeria,,Wine/Liquor Store,4.7,https://maps.google.com/?cid=12451550703163393186&g_mp=Cidnb29nbGUubWFwcy5wbGFjZXMudjEuUGxhY2VzLlNlYXJjaFRleHQQAhgEIAA
Drinks Online Liquor Store,https://www.drinksonline.store/,www.drinksonline.store,+234 703 039 9653,Lagos,Nigeria,,Beverage/Liquor,4.5,https://maps.google.com/?cid=4048224832033341308&g_mp=Cidnb29nbGUubWFwcy5wbGFjZXMudjEuUGxhY2VzLlNlYXJjaFRleHQQAhgEIAA
Abraham and Sarah Beverages Nigeria Ltd,https://goodtimebeverages.com.ng/,goodtimebeverages.com.ng,+234 802 309 6175,Lagos,Nigeria,,Beverage/Liquor,3.6,https://maps.google.com/?cid=17209122812325642531&g_mp=Cidnb29nbGUubWFwcy5wbGFjZXMudjEuUGxhY2VzLlNlYXJjaFRleHQQAhgEIAA
Chigotex Royal Link Investment Nigeria Limited,,,+234 803 590 6629,Lagos,Nigeria,,HoReCa,4.0,https://maps.google.com/?cid=13444755241254838543&g_mp=Cidnb29nbGUubWFwcy5wbGFjZXMudjEuUGxhY2VzLlNlYXJjaFRleHQQAhgEIAA
Classic Beverages Nig Ltd,,,+234 17743696,Lagos,Nigeria,,Beverage/Liquor,4.0,https://maps.google.com/?cid=2064773140598017588&g_mp=Cidnb29nbGUubWFwcy5wbGFjZXMudjEuUGxhY2VzLlNlYXJjaFRleHQQAhgEIAA
Stellar Beverages Limited,http://stellarbeverages.com/,stellarbeverages.com,+234 807 557 5405,Lagos,Nigeria,care@stellarbeverages.com,Beverage/Liquor,4.0,https://maps.google.com/?cid=14421234109607497115&g_mp=Cidnb29nbGUubWFwcy5wbGFjZXMudjEuUGxhY2VzLlNlYXJjaFRleHQQAhgEIAA
MGB Integrated Ventures Nigeria Limited,,,+234 802 322 9877,Lagos,Nigeria,,Importatore (probabile),4.3,https://maps.google.com/?cid=2801792812097663646&g_mp=Cidnb29nbGUubWFwcy5wbGFjZXMudjEuUGxhY2VzLlNlYXJjaFRleHQQAhgEIAA
Tayokadayo Enterprises Limited,,,+234 803 306 9385,Lagos,Nigeria,,HoReCa,1.0,https://maps.google.com/?cid=8189140137001504185&g_mp=Cidnb29nbGUubWFwcy5wbGFjZXMudjEuUGxhY2VzLlNlYXJjaFRleHQQAhgEIAA
EasyDrinks Lagos,http://facebook.com/EasyDrinks-1429419497327171,facebook.com/EasyDrinks-1429419497327171,+234 803 853 3285,Lagos,Nigeria,,Beverage/Liquor,5.0,https://maps.google.com/?cid=7706746220177890950&g_mp=Cidnb29nbGUubWFwcy5wbGFjZXMudjEuUGxhY2VzLlNlYXJjaFRleHQQAhgEIAA
Oliquors,,,+234 816 399 7605,Lagos,Nigeria,,Beverage/Liquor,4.6,https://maps.google.com/?cid=3105783906426763895&g_mp=Cidnb29nbGUubWFwcy5wbGFjZXMudjEuUGxhY2VzLlNlYXJjaFRleHQQAhgEIAA
My Liquor Hub,https://myliquorhub.com/,myliquorhub.com,+234 704 296 9177,Lagos,Nigeria,,Beverage/Liquor,4.3,https://maps.google.com/?cid=5125506763689063128&g_mp=Cidnb29nbGUubWFwcy5wbGFjZXMudjEuUGxhY2VzLlNlYXJjaFRleHQQAhgEIAA
Pablo's Liquor Shop (Wine And Liquor),,,+234 802 292 4756,Lagos,Nigeria,,Beverage/Liquor,4.3,https://maps.google.com/?cid=11896747385548833781&g_mp=Cidnb29nbGUubWFwcy5wbGFjZXMudjEuUGxhY2VzLlNlYXJjaFRleHQQAhgEIAA
"Roppongi Drinks Depot, Lagos",https://www.roppongidrinksdepot.com/,www.roppongidrinksdepot.com,+234 805 392 9955,Lagos,Nigeria,info@roppongidrinksdepot.com,Beverage/Liquor,0,https://maps.google.com/?cid=7829808388650531945&g_mp=Cidnb29nbGUubWFwcy5wbGFjZXMudjEuUGxhY2VzLlNlYXJjaFRleHQQAhgEIAA
Wine Nation,http://www.winenation.ng/,www.winenation.ng,+234 702 500 5480,Lagos,Nigeria,,Wine/Liquor Store,4.5,https://maps.google.com/?cid=11423967888532920890&g_mp=Cidnb29nbGUubWFwcy5wbGFjZXMudjEuUGxhY2VzLlNlYXJjaFRleHQQAhgEIAA
Sliquors,https://sliquorsng.com/,sliquorsng.com,+234 805 700 0010,Lagos,Nigeria,account@arzehltd.com,Beverage/Liquor,4.9,https://maps.google.com/?cid=13903004716838488466&g_mp=Cidnb29nbGUubWFwcy5wbGFjZXMudjEuUGxhY2VzLlNlYXJjaFRleHQQAhgEIAA
24Bottles.NG,https://24bottles.ng/,24bottles.ng,+234 905 885 0926,Lagos,Nigeria,info@24bottles.ng,Wine/Liquor Store,4.9,https://maps.google.com/?cid=7009096108470721751&g_mp=Cidnb29nbGUubWFwcy5wbGFjZXMudjEuUGxhY2VzLlNlYXJjaFRleHQQAhgEIAA
Chistar Investment (Wines and Health drinks),,,+234 803 665 3667,Abuja,Nigeria,,Beverage/Liquor,5.0,https://maps.google.com/?cid=8770326775507604085&g_mp=Cidnb29nbGUubWFwcy5wbGFjZXMudjEuUGxhY2VzLlNlYXJjaFRleHQQAhgEIAA
CEEJAY WINE DEPOT,,,+234 803 314 1931,Abuja,Nigeria,,HoReCa,5.0,https://maps.google.com/?cid=14161979474937935573&g_mp=Cidnb29nbGUubWFwcy5wbGFjZXMudjEuUGxhY2VzLlNlYXJjaFRleHQQAhgEIAA
Ever-Roses Grand Logistics Ltd.,,,+234 803 610 0464,Abuja,Nigeria,,HoReCa,5.0,https://maps.google.com/?cid=1130044693810777459&g_mp=Cidnb29nbGUubWFwcy5wbGFjZXMudjEuUGxhY2VzLlNlYXJjaFRleHQQAhgEIAA
Red Beryl wines & Liquor,,,+234 810 330 0618,Abuja,Nigeria,,Beverage/Liquor,5.0,https://maps.google.com/?cid=14768668584707089965&g_mp=Cidnb29nbGUubWFwcy5wbGFjZXMudjEuUGxhY2VzLlNlYXJjaFRleHQQAhgEIAA
Wyn City (Wines and Spirits),http://www.wyncity.ng/,www.wyncity.ng,+234 818 100 0035,Abuja,Nigeria,info@wyncity.ng,Beverage/Liquor,5.0,https://maps.google.com/?cid=9930729064973729842&g_mp=Cidnb29nbGUubWFwcy5wbGFjZXMudjEuUGxhY2VzLlNlYXJjaFRleHQQAhgEIAA
"Chateau Du Vin, Wine Castle",http://www.dunescenter.com/,www.dunescenter.com,+234 805 545 4545,Abuja,Nigeria,info@dunescener.com,Wine/Liquor Store,4.6,https://maps.google.com/?cid=12154328971928102844&g_mp=Cidnb29nbGUubWFwcy5wbGFjZXMudjEuUGxhY2VzLlNlYXJjaFRleHQQAhgEIAA
Blessed Ogomek Integrated Concept,,,+234 802 124 3845,Abuja,Nigeria,,HoReCa,5.0,https://maps.google.com/?cid=7234505692656530149&g_mp=Cidnb29nbGUubWFwcy5wbGFjZXMudjEuUGxhY2VzLlNlYXJjaFRleHQQAhgEIAA
Tony Don Enterprise,,,+234 806 549 7944,Abuja,Nigeria,,HoReCa,5.0,https://maps.google.com/?cid=4363396924023738637&g_mp=Cidnb29nbGUubWFwcy5wbGFjZXMudjEuUGxhY2VzLlNlYXJjaFRleHQQAhgEIAA
Tony Izu Ltd.,,,+234 808 274 8986,Abuja,Nigeria,,Wine/Liquor Store,5.0,https://maps.google.com/?cid=15341317286094963147&g_mp=Cidnb29nbGUubWFwcy5wbGFjZXMudjEuUGxhY2VzLlNlYXJjaFRleHQQAhgEIAA
C.Jero Optimum Standard Co. Limited,,,+234 905 606 8377,Abuja,Nigeria,,HoReCa,0,https://maps.google.com/?cid=15302900968966383988&g_mp=Cidnb29nbGUubWFwcy5wbGFjZXMudjEuUGxhY2VzLlNlYXJjaFRleHQQAhgEIAA
AISHA WINE & JEWELRY STORE,,,+234 813 879 6454,Abuja,Nigeria,,Retail/GDO,5.0,https://maps.google.com/?cid=3435772249333302370&g_mp=Cidnb29nbGUubWFwcy5wbGFjZXMudjEuUGxhY2VzLlNlYXJjaFRleHQQAhgEIAA
Wineshop Abuja,,,+234 806 470 0202,Abuja,Nigeria,,Retail/GDO,4.4,https://maps.google.com/?cid=7830670633656854859&g_mp=Cidnb29nbGUubWFwcy5wbGFjZXMudjEuUGxhY2VzLlNlYXJjaFRleHQQAhgEIAA
Pumprice Integrated,https://pumprice.com.ng/,pumprice.com.ng,+234 817 100 0012,Abuja,Nigeria,support@pumprice.com.ng,Importatore (probabile),5.0,https://maps.google.com/?cid=13899694384059450251&g_mp=Cidnb29nbGUubWFwcy5wbGFjZXMudjEuUGxhY2VzLlNlYXJjaFRleHQQAhgEIAA
Willzara Multi Ventures Company,,,+234 803 677 8842,Abuja,Nigeria,,HoReCa,0,https://maps.google.com/?cid=3280937355370054562&g_mp=Cidnb29nbGUubWFwcy5wbGFjZXMudjEuUGxhY2VzLlNlYXJjaFRleHQQAhgEIAA
D'Wine Bank,,,+234 817 607 3950,Abuja,Nigeria,,Wine/Liquor Store,4.1,https://maps.google.com/?cid=4134351069536499442&g_mp=Cidnb29nbGUubWFwcy5wbGFjZXMudjEuUGxhY2VzLlNlYXJjaFRleHQQAhgEIAA
Vonic Investment Ltd.,,,+234 803 303 5689,Abuja,Nigeria,,HoReCa,0,https://maps.google.com/?cid=16833303744854567363&g_mp=Cidnb29nbGUubWFwcy5wbGFjZXMudjEuUGxhY2VzLlNlYXJjaFRleHQQAhgEIAA
Sir Cliff chemicals global investment L.T.D,,,+234 813 331 9055,Abuja,Nigeria,,HoReCa,0,https://maps.google.com/?cid=9062609883130976569&g_mp=Cidnb29nbGUubWFwcy5wbGFjZXMudjEuUGxhY2VzLlNlYXJjaFRleHQQAhgEIAA
Urban Luxury Wine & Liquors,,,+234 809 248 1645,Abuja,Nigeria,,Beverage/Liquor,0,https://maps.google.com/?cid=6282408017815072117&g_mp=Cidnb29nbGUubWFwcy5wbGFjZXMudjEuUGxhY2VzLlNlYXJjaFRleHQQAhgEIAA
Casa De España,,,,Abuja,Nigeria,,HoReCa,0,https://maps.google.com/?cid=14375180213605153631&g_mp=Cidnb29nbGUubWFwcy5wbGFjZXMudjEuUGxhY2VzLlNlYXJjaFRleHQQAhgEIAA
Emetel Wine Shop,,,+234 705 469 6282,Abuja,Nigeria,,Enoteca/Wine Shop,4.8,https://maps.google.com/?cid=10693899537375089485&g_mp=Cidnb29nbGUubWFwcy5wbGFjZXMudjEuUGxhY2VzLlNlYXJjaFRleHQQAhgEIAA
PHILO WINES AND SPIRITS,,,+234 803 970 5870,Abuja,Nigeria,,Beverage/Liquor,4.2,https://maps.google.com/?cid=365707386191063527&g_mp=Cidnb29nbGUubWFwcy5wbGFjZXMudjEuUGxhY2VzLlNlYXJjaFRleHQQAhgEIAA
WuseWithin Wine Shop/Bar,http://wusewithinwinemanager.com/,wusewithinwinemanager.com,+234 903 001 8264,Abuja,Nigeria,,Enoteca/Wine Shop,5.0,https://maps.google.com/?cid=8242330307125498134&g_mp=Cidnb29nbGUubWFwcy5wbGFjZXMudjEuUGxhY2VzLlNlYXJjaFRleHQQAhgEIAA
MM'S WINE BANK,,,+234 806 778 5585,Abuja,Nigeria,,HoReCa,4.7,https://maps.google.com/?cid=10024068644473827204&g_mp=Cidnb29nbGUubWFwcy5wbGFjZXMudjEuUGxhY2VzLlNlYXJjaFRleHQQAhgEIAA
Wine Signature,,,+234 813 005 6087,Abuja,Nigeria,,Wine/Liquor Store,4.9,https://maps.google.com/?cid=13655587757051627473&g_mp=Cidnb29nbGUubWFwcy5wbGFjZXMudjEuUGxhY2VzLlNlYXJjaFRleHQQAhgEIAA
Everyday Wine Shop,,,+234 708 049 7665,Abuja,Nigeria,,Enoteca/Wine Shop,4.2,https://maps.google.com/?cid=7179349254361219645&g_mp=Cidnb29nbGUubWFwcy5wbGFjZXMudjEuUGxhY2VzLlNlYXJjaFRleHQQAhgEIAA
The Tavern Liquor and Winery,,,+234 916 184 5854,Abuja,Nigeria,,Beverage/Liquor,4.5,https://maps.google.com/?cid=8409118775336664030&g_mp=Cidnb29nbGUubWFwcy5wbGFjZXMudjEuUGxhY2VzLlNlYXJjaFRleHQQAhgEIAA
Semsec Assorted Wines,,,,Abuja,Nigeria,,Wine/Liquor Store,4.0,https://maps.google.com/?cid=13326355945494520913&g_mp=Cidnb29nbGUubWFwcy5wbGFjZXMudjEuUGxhY2VzLlNlYXJjaFRleHQQAhgEIAA
"Providence signature (Wines & Spirit), Gana St, Maitama",https://www.providencesignature.com/,www.providencesignature.com,+234 803 546 4838,Abuja,Nigeria,,Distributore (probabile),5.0,https://maps.google.com/?cid=9590157901408776904&g_mp=Cidnb29nbGUubWFwcy5wbGFjZXMudjEuUGxhY2VzLlNlYXJjaFRleHQQAhgEIAA
Waymart Liquor Zone,,,+234 903 985 5850,Abuja,Nigeria,,Beverage/Liquor,5.0,https://maps.google.com/?cid=13234009455286630912&g_mp=Cidnb29nbGUubWFwcy5wbGFjZXMudjEuUGxhY2VzLlNlYXJjaFRleHQQAhgEIAA
Just Wine Abuja,,,+234 816 000 0070,Abuja,Nigeria,,Wine/Liquor Store,4.8,https://maps.google.com/?cid=9775594379322819430&g_mp=Cidnb29nbGUubWFwcy5wbGFjZXMudjEuUGxhY2VzLlNlYXJjaFRleHQQAhgEIAA
Nimpat Water World & Drinks,http://nimpatgroup.com/,nimpatgroup.com,+234 818 833 6209,Abuja,Nigeria,nimpatgroup@gmail.com,Beverage/Liquor,5.0,https://maps.google.com/?cid=11258028206816678571&g_mp=Cidnb29nbGUubWFwcy5wbGFjZXMudjEuUGxhY2VzLlNlYXJjaFRleHQQAhgEIAA
Caminierre Global Concepts,,,+234 813 952 7992,Abuja,Nigeria,,HoReCa,5.0,https://maps.google.com/?cid=6378105325057914567&g_mp=Cidnb29nbGUubWFwcy5wbGFjZXMudjEuUGxhY2VzLlNlYXJjaFRleHQQAhgEIAA
VIP Joint,,,+234 812 828 4993,Abuja,Nigeria,,Importatore (probabile),5.0,https://maps.google.com/?cid=10629710982296985&g_mp=Cidnb29nbGUubWFwcy5wbGFjZXMudjEuUGxhY2VzLlNlYXJjaFRleHQQAhgEIAA
De_chimex Ent. Nigerian breweries depot,,,+234 808 686 3168,Abuja,Nigeria,,Importatore (probabile),3.9,https://maps.google.com/?cid=9162617340778229941&g_mp=Cidnb29nbGUubWFwcy5wbGFjZXMudjEuUGxhY2VzLlNlYXJjaFRleHQQAhgEIAA
Brystal Premium Water and Carbonated Soft Drinks,,,,Abuja,Nigeria,,Beverage/Liquor,4.0,https://maps.google.com/?cid=13051392533109273599&g_mp=Cidnb29nbGUubWFwcy5wbGFjZXMudjEuUGxhY2VzLlNlYXJjaFRleHQQAhgEIAA
Ramstore Global Ventures Nigeria,https://mytqwater.com/,mytqwater.com,+234 909 497 3712,Abuja,Nigeria,,Retail/GDO,5.0,https://maps.google.com/?cid=16879248666941249992&g_mp=Cidnb29nbGUubWFwcy5wbGFjZXMudjEuUGxhY2VzLlNlYXJjaFRleHQQAhgEIAA
Oja Trading Limited Nigeria,,,+234 703 815 4730,Abuja,Nigeria,,Importatore/Distributore,4.0,https://maps.google.com/?cid=13769014151404350990&g_mp=Cidnb29nbGUubWFwcy5wbGFjZXMudjEuUGxhY2VzLlNlYXJjaFRleHQQAhgEIAA
Abujoto Excellent Nig. Ltd,,,+234 706 306 7760,Abuja,Nigeria,,Importatore (probabile),5.0,https://maps.google.com/?cid=10001530396402695245&g_mp=Cidnb29nbGUubWFwcy5wbGFjZXMudjEuUGxhY2VzLlNlYXJjaFRleHQQAhgEIAA
Rooted Ropes Healthy Drinks,,,+234 905 732 1790,Abuja,Nigeria,,Beverage/Liquor,4.0,https://maps.google.com/?cid=7842175823181095485&g_mp=Cidnb29nbGUubWFwcy5wbGFjZXMudjEuUGxhY2VzLlNlYXJjaFRleHQQAhgEIAA
NAZABI DRINKS,,,+234 803 097 5800,Abuja,Nigeria,,Beverage/Liquor,5.0,https://maps.google.com/?cid=8502982952606398252&g_mp=Cidnb29nbGUubWFwcy5wbGFjZXMudjEuUGxhY2VzLlNlYXJjaFRleHQQAhgEIAA
MUNA4U ENTERPRISE,,,+234 706 598 2656,Abuja,Nigeria,,Retail/GDO,5.0,https://maps.google.com/?cid=8102723735703363661&g_mp=Cidnb29nbGUubWFwcy5wbGFjZXMudjEuUGxhY2VzLlNlYXJjaFRleHQQAhgEIAA
The Duke Wines & Spirits,,,+234 903 822 1100,Abuja,Nigeria,,Beverage/Liquor,5.0,https://maps.google.com/?cid=15569264295478421215&g_mp=Cidnb29nbGUubWFwcy5wbGFjZXMudjEuUGxhY2VzLlNlYXJjaFRleHQQAhgEIAA
De-Golden Star Wine Shop,,,+234 803 678 5777,Abuja,Nigeria,,Enoteca/Wine Shop,4.3,https://maps.google.com/?cid=18162928024627398575&g_mp=Cidnb29nbGUubWFwcy5wbGFjZXMudjEuUGxhY2VzLlNlYXJjaFRleHQQAhgEIAA
The Wineshop,,,+234 803 650 0035,Abuja,Nigeria,,Retail/GDO,4.2,https://maps.google.com/?cid=9198332074354934993&g_mp=Cidnb29nbGUubWFwcy5wbGFjZXMudjEuUGxhY2VzLlNlYXJjaFRleHQQAhgEIAA
LX LIQUOR REPUBLIC WINE SHOP & BAR,,,+234 809 809 9179,Abuja,Nigeria,,Enoteca/Wine Shop,4.7,https://maps.google.com/?cid=11087312572747092158&g_mp=Cidnb29nbGUubWFwcy5wbGFjZXMudjEuUGxhY2VzLlNlYXJjaFRleHQQAhgEIAA
D' WINE BANK,,,,Abuja,Nigeria,,Wine/Liquor Store,4.3,https://maps.google.com/?cid=3240193564710636841&g_mp=Cidnb29nbGUubWFwcy5wbGFjZXMudjEuUGxhY2VzLlNlYXJjaFRleHQQAhgEIAA
Majestic Wine Shop,,,+234 704 204 9626,Abuja,Nigeria,,Enoteca/Wine Shop,4.2,https://maps.google.com/?cid=8887640010915966622&g_mp=Cidnb29nbGUubWFwcy5wbGFjZXMudjEuUGxhY2VzLlNlYXJjaFRleHQQAhgEIAA
Henri's Drinks world,,,+234 810 799 9272,Abuja,Nigeria,,Beverage/Liquor,4.5,https://maps.google.com/?cid=12507267799472347951&g_mp=Cidnb29nbGUubWFwcy5wbGFjZXMudjEuUGxhY2VzLlNlYXJjaFRleHQQAhgEIAA
Vino Imperium,http://www.vinoimperium.com/,www.vinoimperium.com,+234 809 783 0555,Port Harcourt,Nigeria,,Wine/Liquor Store,4.5,https://maps.google.com/?cid=4403899129759305768&g_mp=Cidnb29nbGUubWFwcy5wbGFjZXMudjEuUGxhY2VzLlNlYXJjaFRleHQQAhgEIAA
KSD Group,,,+234 813 920 2471,Port Harcourt,Nigeria,,HoReCa,5.0,https://maps.google.com/?cid=17052507724499011945&g_mp=Cidnb29nbGUubWFwcy5wbGFjZXMudjEuUGxhY2VzLlNlYXJjaFRleHQQAhgEIAA
J.T.C Resources,,,+234 803 890 5626,Port Harcourt,Nigeria,,Wine/Liquor Store,4.0,https://maps.google.com/?cid=13402239321464154468&g_mp=Cidnb29nbGUubWFwcy5wbGFjZXMudjEuUGxhY2VzLlNlYXJjaFRleHQQAhgEIAA
247Sweet Memories Wineries Emporium,,,+234 805 316 8392,Port Harcourt,Nigeria,,Wine/Liquor Store,0,https://maps.google.com/?cid=13338470903180717186&g_mp=Cidnb29nbGUubWFwcy5wbGFjZXMudjEuUGxhY2VzLlNlYXJjaFRleHQQAhgEIAA
Sirkings wine shop,,,+234 905 564 9122,Port Harcourt,Nigeria,,Enoteca/Wine Shop,0,https://maps.google.com/?cid=1806208014683876373&g_mp=Cidnb29nbGUubWFwcy5wbGFjZXMudjEuUGxhY2VzLlNlYXJjaFRleHQQAhgEIAA
Ifeoma Chukwuka Nig Ltd,,,+234 803 702 5374,Port Harcourt,Nigeria,,Importatore (probabile),3.9,https://maps.google.com/?cid=11580513890526196566&g_mp=Cidnb29nbGUubWFwcy5wbGFjZXMudjEuUGxhY2VzLlNlYXJjaFRleHQQAhgEIAA
Fenco Grand Reserve & co limited,,,+234 902 393 0819,Port Harcourt,Nigeria,,HoReCa,0,https://maps.google.com/?cid=13038455139781833225&g_mp=Cidnb29nbGUubWFwcy5wbGFjZXMudjEuUGxhY2VzLlNlYXJjaFRleHQQAhgEIAA
Benzolin ventures,https://benzolinventures.com.ng/,benzolinventures.com.ng,+234 803 675 8429,Port Harcourt,Nigeria,benzolyn582@gamil.com,Importatore (probabile),4.5,https://maps.google.com/?cid=9527474535690528188&g_mp=Cidnb29nbGUubWFwcy5wbGFjZXMudjEuUGxhY2VzLlNlYXJjaFRleHQQAhgEIAA
Bastic Wine Shop,,,+234 803 405 6310,Port Harcourt,Nigeria,,Enoteca/Wine Shop,0,https://maps.google.com/?cid=3756314397413525665&g_mp=Cidnb29nbGUubWFwcy5wbGFjZXMudjEuUGxhY2VzLlNlYXJjaFRleHQQAhgEIAA
Yahweh Hubs plc,,,+234 813 386 9737,Port Harcourt,Nigeria,,HoReCa,0,https://maps.google.com/?cid=251500478148907672&g_mp=Cidnb29nbGUubWFwcy5wbGFjZXMudjEuUGxhY2VzLlNlYXJjaFRleHQQAhgEIAA
MBR_WINERY,,,+234 810 582 5269,Port Harcourt,Nigeria,,HoReCa,4.0,https://maps.google.com/?cid=8839881237699648802&g_mp=Cidnb29nbGUubWFwcy5wbGFjZXMudjEuUGxhY2VzLlNlYXJjaFRleHQQAhgEIAA
PYCINE AND PYCINE LIMITED,http://pycine.com/,pycine.com,+234 812 334 4831,Port Harcourt,Nigeria,,Importatore (probabile),0,https://maps.google.com/?cid=15209475282263195882&g_mp=Cidnb29nbGUubWFwcy5wbGFjZXMudjEuUGxhY2VzLlNlYXJjaFRleHQQAhgEIAA
Momentum World,,,+234 903 372 8686,Port Harcourt,Nigeria,,Wine/Liquor Store,5.0,https://maps.google.com/?cid=3437714869998091446&g_mp=Cidnb29nbGUubWFwcy5wbGFjZXMudjEuUGxhY2VzLlNlYXJjaFRleHQQAhgEIAA
Ascol Wine Shop,,,+234 803 519 8824,Port Harcourt,Nigeria,,Enoteca/Wine Shop,4.9,https://maps.google.com/?cid=16262035924049921733&g_mp=Cidnb29nbGUubWFwcy5wbGFjZXMudjEuUGxhY2VzLlNlYXJjaFRleHQQAhgEIAA
Kosman Liqueur,http://kosmanliqueur.com/,kosmanliqueur.com,+234 813 499 8495,Port Harcourt,Nigeria,kosmanliqueur@gmail.com,Wine/Liquor Store,5.0,https://maps.google.com/?cid=17055620432580250128&g_mp=Cidnb29nbGUubWFwcy5wbGFjZXMudjEuUGxhY2VzLlNlYXJjaFRleHQQAhgEIAA
YUGEES WINE HUB,,,+234 813 892 1923,Port Harcourt,Nigeria,,Wine/Liquor Store,5.0,https://maps.google.com/?cid=1080626769550167613&g_mp=Cidnb29nbGUubWFwcy5wbGFjZXMudjEuUGxhY2VzLlNlYXJjaFRleHQQAhgEIAA
Galaxy Wine and Spirits,https://m.facebook.com/Galaxywineandspirits/?ref=content_filter,m.facebook.com/Galaxywineandspirits/?ref=content_filter,+234 806 259 6717,Port Harcourt,Nigeria,,Beverage/Liquor,4.9,https://maps.google.com/?cid=17146100662878532508&g_mp=Cidnb29nbGUubWFwcy5wbGFjZXMudjEuUGxhY2VzLlNlYXJjaFRleHQQAhgEIAA
DELUXE WINERY,,,+234 809 111 7604,Port Harcourt,Nigeria,,Wine/Liquor Store,4.3,https://maps.google.com/?cid=13684049862263471305&g_mp=Cidnb29nbGUubWFwcy5wbGFjZXMudjEuUGxhY2VzLlNlYXJjaFRleHQQAhgEIAA
SIP ORIGINAL WINES AND LIQUOR STORE,https://www.siporiginal.ng/,www.siporiginal.ng,+234 707 615 6404,Port Harcourt,Nigeria,,Beverage/Liquor,4.9,https://maps.google.com/?cid=17239828907505798154&g_mp=Cidnb29nbGUubWFwcy5wbGFjZXMudjEuUGxhY2VzLlNlYXJjaFRleHQQAhgEIAA
Sodel Wine Shop,,,+234 708 959 2819,Port Harcourt,Nigeria,,Enoteca/Wine Shop,4.0,https://maps.google.com/?cid=2924158713206924176&g_mp=Cidnb29nbGUubWFwcy5wbGFjZXMudjEuUGxhY2VzLlNlYXJjaFRleHQQAhgEIAA
Heph - Zi - Bah Wines & Spirits,,,+234 803 505 7202,Port Harcourt,Nigeria,,Beverage/Liquor,5.0,https://maps.google.com/?cid=9723356029505428728&g_mp=Cidnb29nbGUubWFwcy5wbGFjZXMudjEuUGxhY2VzLlNlYXJjaFRleHQQAhgEIAA
Ediz Wine Bar,,,,Port Harcourt,Nigeria,,Enoteca/Wine Shop,4.1,https://maps.google.com/?cid=14522998350246376629&g_mp=Cidnb29nbGUubWFwcy5wbGFjZXMudjEuUGxhY2VzLlNlYXJjaFRleHQQAhgEIAA
Crayon Winery,,,+234 906 236 5180,Port Harcourt,Nigeria,,Wine/Liquor Store,5.0,https://maps.google.com/?cid=14050513813788816675&g_mp=Cidnb29nbGUubWFwcy5wbGFjZXMudjEuUGxhY2VzLlNlYXJjaFRleHQQAhgEIAA
Wisclem Wine Shop,,,,Port Harcourt,Nigeria,,Enoteca/Wine Shop,5.0,https://maps.google.com/?cid=16648539260232299566&g_mp=Cidnb29nbGUubWFwcy5wbGFjZXMudjEuUGxhY2VzLlNlYXJjaFRleHQQAhgEIAA
Aims Liquor Mart,,,+234 810 455 6093,Port Harcourt,Nigeria,,Beverage/Liquor,5.0,https://maps.google.com/?cid=11446181972382931003&g_mp=Cidnb29nbGUubWFwcy5wbGFjZXMudjEuUGxhY2VzLlNlYXJjaFRleHQQAhgEIAA
Treasure Chiz Nig.,,,+234 803 792 9183,Port Harcourt,Nigeria,,Wine/Liquor Store,3.0,https://maps.google.com/?cid=3367782516992299628&g_mp=Cidnb29nbGUubWFwcy5wbGFjZXMudjEuUGxhY2VzLlNlYXJjaFRleHQQAhgEIAA
unic wine shop and drinks gallery,,,+234 703 442 1380,Port Harcourt,Nigeria,,Enoteca/Wine Shop,0,https://maps.google.com/?cid=6205461714396204307&g_mp=Cidnb29nbGUubWFwcy5wbGFjZXMudjEuUGxhY2VzLlNlYXJjaFRleHQQAhgEIAA
Joe Spanish Wines,https://joespanishwines.com/,joespanishwines.com,+234 906 198 1835,Port Harcourt,Nigeria,sayhi@joespanishwines.com,Wine/Liquor Store,5.0,https://maps.google.com/?cid=5449230862644999166&g_mp=Cidnb29nbGUubWFwcy5wbGFjZXMudjEuUGxhY2VzLlNlYXJjaFRleHQQAhgEIAA
Testimony Business Support Services,,,+234 706 107 4027,Port Harcourt,Nigeria,,Importatore (probabile),5.0,https://maps.google.com/?cid=6139578173913730500&g_mp=Cidnb29nbGUubWFwcy5wbGFjZXMudjEuUGxhY2VzLlNlYXJjaFRleHQQAhgEIAA
Nene Integrated Services,,,+234 703 163 7877,Port Harcourt,Nigeria,,Importatore (probabile),4.0,https://maps.google.com/?cid=15445109984276071652&g_mp=Cidnb29nbGUubWFwcy5wbGFjZXMudjEuUGxhY2VzLlNlYXJjaFRleHQQAhgEIAA
Comclose Limited,,,+234 803 310 3345,Port Harcourt,Nigeria,,HoReCa,5.0,https://maps.google.com/?cid=7113596090508733635&g_mp=Cidnb29nbGUubWFwcy5wbGFjZXMudjEuUGxhY2VzLlNlYXJjaFRleHQQAhgEIAA
NBC (Coca Cola) Mega Distributor,,,+234 916 171 5254,Port Harcourt,Nigeria,,Distributore/Grossista,4.0,https://maps.google.com/?cid=628071097276419519&g_mp=Cidnb29nbGUubWFwcy5wbGFjZXMudjEuUGxhY2VzLlNlYXJjaFRleHQQAhgEIAA
Micbibryan Global Resources,,,+234 904 123 3579,Port Harcourt,Nigeria,,HoReCa,5.0,https://maps.google.com/?cid=7267335820018552129&g_mp=Cidnb29nbGUubWFwcy5wbGFjZXMudjEuUGxhY2VzLlNlYXJjaFRleHQQAhgEIAA
Saintodumo Enterprises,https://saintodumo.net/,saintodumo.net,+234 814 873 4894,Port Harcourt,Nigeria,,Importatore (probabile),5.0,https://maps.google.com/?cid=15462325738677968080&g_mp=Cidnb29nbGUubWFwcy5wbGFjZXMudjEuUGxhY2VzLlNlYXJjaFRleHQQAhgEIAA
Pearlescent Limited,,,+234 704 160 0013,Port Harcourt,Nigeria,,Retail/GDO,5.0,https://maps.google.com/?cid=16501567367299545071&g_mp=Cidnb29nbGUubWFwcy5wbGFjZXMudjEuUGxhY2VzLlNlYXJjaFRleHQQAhgEIAA
Nkemchi Nig Ltd,,,+234 706 371 5519,Port Harcourt,Nigeria,,Importatore (probabile),0,https://maps.google.com/?cid=11284166138135572751&g_mp=Cidnb29nbGUubWFwcy5wbGFjZXMudjEuUGxhY2VzLlNlYXJjaFRleHQQAhgEIAA
Ifeoma Chukwuka Nig Ltd,,,,Port Harcourt,Nigeria,,Importatore (probabile),4.2,https://maps.google.com/?cid=8993380047812371792&g_mp=Cidnb29nbGUubWFwcy5wbGFjZXMudjEuUGxhY2VzLlNlYXJjaFRleHQQAhgEIAA
Hart G Associates Limited,http://www.hartgassociates.com/,www.hartgassociates.com,+234 805 119 8605,Port Harcourt,Nigeria,hartgassociates@gmail.com,Importatore (probabile),4.1,https://maps.google.com/?cid=14756646741265882709&g_mp=Cidnb29nbGUubWFwcy5wbGFjZXMudjEuUGxhY2VzLlNlYXJjaFRleHQQAhgEIAA
ZUDAC LTD,,,+234 901 378 6615,Port Harcourt,Nigeria,,Importatore (probabile),5.0,https://maps.google.com/?cid=14459223369471946811&g_mp=Cidnb29nbGUubWFwcy5wbGFjZXMudjEuUGxhY2VzLlNlYXJjaFRleHQQAhgEIAA
Adpf Stores,,,+234 806 853 6311,Port Harcourt,Nigeria,,Retail/GDO,0,https://maps.google.com/?cid=16555678100038755365&g_mp=Cidnb29nbGUubWFwcy5wbGFjZXMudjEuUGxhY2VzLlNlYXJjaFRleHQQAhgEIAA
La Sien Bottling Company Limited,http://www.lasienbottlingcompany.com/,www.lasienbottlingcompany.com,+234 905 599 1699,Port Harcourt,Nigeria,info@lasienbottlingcompany.com,Importatore (probabile),4.4,https://maps.google.com/?cid=10960006595395339864&g_mp=Cidnb29nbGUubWFwcy5wbGFjZXMudjEuUGxhY2VzLlNlYXJjaFRleHQQAhgEIAA
Just Drinks,,,+234 704 484 6365,Port Harcourt,Nigeria,,Beverage/Liquor,5.0,https://maps.google.com/?cid=9647992936036328398&g_mp=Cidnb29nbGUubWFwcy5wbGFjZXMudjEuUGxhY2VzLlNlYXJjaFRleHQQAhgEIAA
Elite Beverages LLC,,,+234 704 961 8613,Port Harcourt,Nigeria,,Beverage/Liquor,0,https://maps.google.com/?cid=1106153569373868830&g_mp=Cidnb29nbGUubWFwcy5wbGFjZXMudjEuUGxhY2VzLlNlYXJjaFRleHQQAhgEIAA
Ecojoe Warehouse,,,+234 909 002 1311,Port Harcourt,Nigeria,,Importatore (probabile),5.0,https://maps.google.com/?cid=8523247447846563504&g_mp=Cidnb29nbGUubWFwcy5wbGFjZXMudjEuUGxhY2VzLlNlYXJjaFRleHQQAhgEIAA
ORIJO DRINKS GLOBAL SERVICES,,,+234 703 457 7900,Port Harcourt,Nigeria,,Beverage/Liquor,0,https://maps.google.com/?cid=8079303914564445800&g_mp=Cidnb29nbGUubWFwcy5wbGFjZXMudjEuUGxhY2VzLlNlYXJjaFRleHQQAhgEIAA
Descas Limited (Key Guinness Distributor),,,+234 706 945 5836,Port Harcourt,Nigeria,,Distributore/Grossista,4.5,https://maps.google.com/?cid=9861681307478219590&g_mp=Cidnb29nbGUubWFwcy5wbGFjZXMudjEuUGxhY2VzLlNlYXJjaFRleHQQAhgEIAA
JUST LIQUOR,,,+234 708 826 3334,Port Harcourt,Nigeria,,Beverage/Liquor,1.0,https://maps.google.com/?cid=6888035845168782692&g_mp=Cidnb29nbGUubWFwcy5wbGFjZXMudjEuUGxhY2VzLlNlYXJjaFRleHQQAhgEIAA
Grand Shop,,,+234 905 442 0960,Port Harcourt,Nigeria,,Retail/GDO,4.1,https://maps.google.com/?cid=18351799855732460502&g_mp=Cidnb29nbGUubWFwcy5wbGFjZXMudjEuUGxhY2VzLlNlYXJjaFRleHQQAhgEIAA
Vintage Mart Supacentres Ltd,,,+234 809 442 1292,Port Harcourt,Nigeria,,Wine/Liquor Store,3.5,https://maps.google.com/?cid=13619881972250364349&g_mp=Cidnb29nbGUubWFwcy5wbGFjZXMudjEuUGxhY2VzLlNlYXJjaFRleHQQAhgEIAA
De - Difference Super Stores,,,+234 803 331 5696,Port Harcourt,Nigeria,,Retail/GDO,4.4,https://maps.google.com/?cid=5837053789217297891&g_mp=Cidnb29nbGUubWFwcy5wbGFjZXMudjEuUGxhY2VzLlNlYXJjaFRleHQQAhgEIAA
Jeawines,,,+234 814 860 6968,Port Harcourt,Nigeria,,Wine/Liquor Store,0,https://maps.google.com/?cid=17317870881196770949&g_mp=Cidnb29nbGUubWFwcy5wbGFjZXMudjEuUGxhY2VzLlNlYXJjaFRleHQQAhgEIAA
Wine Of Fire Nigeria,http://www.wineoffire.ng/,www.wineoffire.ng,+234 913 441 9707,Port Harcourt,Nigeria,,Grossista (probabile),0,https://maps.google.com/?cid=14824208776923847081&g_mp=Cidnb29nbGUubWFwcy5wbGFjZXMudjEuUGxhY2VzLlNlYXJjaFRleHQQAhgEIAA
Fefeno Wine & Spirits,,,+234 808 219 3204,Port Harcourt,Nigeria,,Beverage/Liquor,4.0,https://maps.google.com/?cid=1760127770305934421&g_mp=Cidnb29nbGUubWFwcy5wbGFjZXMudjEuUGxhY2VzLlNlYXJjaFRleHQQAhgEIAA
"Next Cash And Carry Hypermarket, Port Harcourt",http://www.nextcashandcarry.com.ng/,www.nextcashandcarry.com.ng,+234 707 283 8913,Port Harcourt,Nigeria,support@nextcashandcarry.com.ng,Retail/GDO,4.5,https://maps.google.com/?cid=1732366931006281610&g_mp=Cidnb29nbGUubWFwcy5wbGFjZXMudjEuUGxhY2VzLlNlYXJjaFRleHQQAhgEIAA
Livichun Supermarket,,,,Port Harcourt,Nigeria,,Retail/GDO,4.2,https://maps.google.com/?cid=1107644743182980333&g_mp=Cidnb29nbGUubWFwcy5wbGFjZXMudjEuUGxhY2VzLlNlYXJjaFRleHQQAhgEIAA
SPAR Market PH Mall,http://www.sparnigeria.com/,www.sparnigeria.com,+234 907 419 0374,Port Harcourt,Nigeria,callcenter@sparnigeria.com,Retail/GDO,4.2,https://maps.google.com/?cid=11722150346192071130&g_mp=Cidnb29nbGUubWFwcy5wbGFjZXMudjEuUGxhY2VzLlNlYXJjaFRleHQQAhgEIAA
All day winehouse,,,,Port Harcourt,Nigeria,,HoReCa,4.5,https://maps.google.com/?cid=16835132688555870330&g_mp=Cidnb29nbGUubWFwcy5wbGFjZXMudjEuUGxhY2VzLlNlYXJjaFRleHQQAhgEIAA
Everyday Emporium,,,,Port Harcourt,Nigeria,,Grossista (probabile),4.0,https://maps.google.com/?cid=4493083697303729292&g_mp=Cidnb29nbGUubWFwcy5wbGFjZXMudjEuUGxhY2VzLlNlYXJjaFRleHQQAhgEIAA
Spot one wholesale and retail,,,+234 803 341 9434,Port Harcourt,Nigeria,,Distributore/Grossista,0,https://maps.google.com/?cid=4547291903845119596&g_mp=Cidnb29nbGUubWFwcy5wbGFjZXMudjEuUGxhY2VzLlNlYXJjaFRleHQQAhgEIAA
